Workbook

Sheet Sheet1 (3)
B1: 設置台数(数値)→ | C1: 100 | E1: 200 | G1: 300 | I1: 400 | K1: 500 | M1: 600 | O1: 700 | Q1: 800 | S1: 900 | U1: 1000 | W1: 1100 | Y1: 1200 | AA1: 1300 | AC1: 1400 | AE1: 1500 | AG1: 1600 | AI1: 1700 | AK1: 1800 | AM1: 1900 | AO1: 2000 | AQ1: 2100 | AS1: 2200 | AU1: 2300 | AW1: 2400 | AY1: 2500 | BA1: 2600 | BC1: 2700 | BE1: 2800 | BG1: 2900 | BI1: 3000
A2: 想定データ（点推定＝A・B平均／季節平準化） | B2: 離反期間 | C2: 100台店舗 | D2: 1年～3年未満の割合 | E2: 200台店舗 | F2: 1年～3年未満の割合 | G2: 300台店舗 | H2: 1年～3年未満の割合 | I2: 400台店舗 | J2: 1年～3年未満の割合 | K2: 500台店舗 | L2: 1年～3年未満の割合 | M2: 600台店舗 | N2: 1年～3年未満の割合 | O2: 700台店舗 | P2: 1年～3年未満の割合 | Q2: 800台店舗 | R2: 1年～3年未満の割合 | S2: 900台店舗 | T2: 1年～3年未満の割合 | U2: 1000台店舗 | V2: 1年～3年未満の割合 | W2: 1100台店舗 | X2: 1年～3年未満の割合 | Y2: 1200台店舗 | Z2: 1年～3年未満の割合 | AA2: 1300台店舗 | AB2: 1年～3年未満の割合 | AC2: 1400台店舗 | AD2: 1年～3年未満の割合 | AE2: 1500台店舗 | AF2: 1年～3年未満の割合 | AG2: 1600台店舗 | AH2: 1年～3年未満の割合 | AI2: 1700台店舗 | AJ2: 1年～3年未満の割合 | AK2: 1800台店舗 | AL2: 1年～3年未満の割合 | AM2: 1900台店舗 | AN2: 1年～3年未満の割合 | AO2: 2000台店舗 | AP2: 1年～3年未満の割合 | AQ2: 2100台店舗 | AR2: 1年～3年未満の割合 | AS2: 2200台店舗 | AT2: 1年～3年未満の割合 | AU2: 2300台店舗 | AV2: 1年～3年未満の割合 | AW2: 2400台店舗 | AX2: 1年～3年未満の割合 | AY2: 2500台店舗 | AZ2: 1年～3年未満の割合 | BA2: 2600台店舗 | BB2: 1年～3年未満の割合 | BC2: 2700台店舗 | BD2: 1年～3年未満の割合 | BE2: 2800台店舗 | BF2: 1年～3年未満の割合 | BG2: 2900台店舗 | BH2: 1年～3年未満の割合 | BI2: 3000台店舗 | BJ2: 1年～3年未満の割合
B3: 1ヶ月未満 | C3: 255 | D3: 0.4010646 | E3: 510 | F3: 0.4010646 | G3: 765 | H3: 0.4010646 | I3: 1020 | J3: 0.4010646 | K3: 1275 | L3: 0.4010646 | M3: 1530 | N3: 0.4010646 | O3: 1785 | P3: 0.4010646 | Q3: 2040 | R3: 0.4010646 | S3: 2295 | T3: 0.4010646 | U3: 2550 | V3: 0.4010646 | W3: 2805 | X3: 0.4010646 | Y3: 3060 | Z3: 0.4010646 | AA3: 3314 | AB3: 0.4010646 | AC3: 3569 | AD3: 0.4010646 | AE3: 3824 | AF3: 0.4010646 | AG3: 4079 | AH3: 0.4010646 | AI3: 4334 | AJ3: 0.4010646 | AK3: 4589 | AL3: 0.4010646 | AM3: 4844 | AN3: 0.4010646 | AO3: 5099 | AP3: 0.4010646 | AQ3: 5354 | AR3: 0.4010646 | AS3: 5609 | AT3: 0.4010646 | AU3: 5864 | AV3: 0.4010646 | AW3: 6119 | AX3: 0.4010646 | AY3: 6374 | AZ3: 0.4010646 | BA3: 6629 | BB3: 0.4010646 | BC3: 6884 | BD3: 0.4010646 | BE3: 7139 | BF3: 0.4010646 | BG3: 7394 | BH3: 0.4010646 | BI3: 7649 | BJ3: 0.4010646
B4: 1〜2ヶ月未満 | C4: 296 | D4: 0.46560349 | E4: 592 | F4: 0.46560349 | G4: 888 | H4: 0.46560349 | I4: 1184 | J4: 0.46560349 | K4: 1480 | L4: 0.46560349 | M4: 1776 | N4: 0.46560349 | O4: 2072 | P4: 0.46560349 | Q4: 2368 | R4: 0.46560349 | S4: 2664 | T4: 0.46560349 | U4: 2960 | V4: 0.46560349 | W4: 3256 | X4: 0.46560349 | Y4: 3552 | Z4: 0.46560349 | AA4: 3848 | AB4: 0.46560349 | AC4: 4144 | AD4: 0.46560349 | AE4: 4440 | AF4: 0.46560349 | AG4: 4736 | AH4: 0.46560349 | AI4: 5032 | AJ4: 0.46560349 | AK4: 5328 | AL4: 0.46560349 | AM4: 5624 | AN4: 0.46560349 | AO4: 5920 | AP4: 0.46560349 | AQ4: 6216 | AR4: 0.46560349 | AS4: 6512 | AT4: 0.46560349 | AU4: 6808 | AV4: 0.46560349 | AW4: 7104 | AX4: 0.46560349 | AY4: 7400 | AZ4: 0.46560349 | BA4: 7696 | BB4: 0.46560349 | BC4: 7992 | BD4: 0.46560349 | BE4: 8288 | BF4: 0.46560349 | BG4: 8584 | BH4: 0.46560349 | BI4: 8880 | BJ4: 0.46560349
B5: 2〜3ヶ月未満 | C5: 321 | D5: 0.50431795 | E5: 641 | F5: 0.50431795 | G5: 962 | H5: 0.50431795 | I5: 1282 | J5: 0.50431795 | K5: 1603 | L5: 0.50431795 | M5: 1924 | N5: 0.50431795 | O5: 2244 | P5: 0.50431795 | Q5: 2565 | R5: 0.50431795 | S5: 2885 | T5: 0.50431795 | U5: 3206 | V5: 0.50431795 | W5: 3527 | X5: 0.50431795 | Y5: 3847 | Z5: 0.50431795 | AA5: 4168 | AB5: 0.50431795 | AC5: 4488 | AD5: 0.50431795 | AE5: 4809 | AF5: 0.50431795 | AG5: 5130 | AH5: 0.50431795 | AI5: 5450 | AJ5: 0.50431795 | AK5: 5771 | AL5: 0.50431795 | AM5: 6091 | AN5: 0.50431795 | AO5: 6412 | AP5: 0.50431795 | AQ5: 6733 | AR5: 0.50431795 | AS5: 7053 | AT5: 0.50431795 | AU5: 7374 | AV5: 0.50431795 | AW5: 7694 | AX5: 0.50431795 | AY5: 8015 | AZ5: 0.50431795 | BA5: 8336 | BB5: 0.50431795 | BC5: 8656 | BD5: 0.50431795 | BE5: 8977 | BF5: 0.50431795 | BG5: 9297 | BH5: 0.50431795 | BI5: 9618 | BJ5: 0.50431795
B6: 3～6ヶ月未満 | C6: 442 | D6: 0.69602216 | E6: 885 | F6: 0.69602216 | G6: 1327 | H6: 0.69602216 | I6: 1770 | J6: 0.69602216 | K6: 2212 | L6: 0.69602216 | M6: 2655 | N6: 0.69602216 | O6: 3097 | P6: 0.69602216 | Q6: 3540 | R6: 0.69602216 | S6: 3982 | T6: 0.69602216 | U6: 4425 | V6: 0.69602216 | W6: 4867 | X6: 0.69602216 | Y6: 5310 | Z6: 0.69602216 | AA6: 5752 | AB6: 0.69602216 | AC6: 6195 | AD6: 0.69602216 | AE6: 6637 | AF6: 0.69602216 | AG6: 7079 | AH6: 0.69602216 | AI6: 7522 | AJ6: 0.69602216 | AK6: 7964 | AL6: 0.69602216 | AM6: 8407 | AN6: 0.69602216 | AO6: 8849 | AP6: 0.69602216 | AQ6: 9292 | AR6: 0.69602216 | AS6: 9734 | AT6: 0.69602216 | AU6: 10177 | AV6: 0.69602216 | AW6: 10619 | AX6: 0.69602216 | AY6: 11062 | AZ6: 0.69602216 | BA6: 11504 | BB6: 0.69602216 | BC6: 11947 | BD6: 0.69602216 | BE6: 12389 | BF6: 0.69602216 | BG6: 12832 | BH6: 0.69602216 | BI6: 13274 | BJ6: 0.69602216
B7: 半年～1年未満 | C7: 513 | D7: 0.80689157 | E7: 1026 | F7: 0.80689157 | G7: 1539 | H7: 0.80689157 | I7: 2052 | J7: 0.80689157 | K7: 2565 | L7: 0.80689157 | M7: 3078 | N7: 0.80689157 | O7: 3591 | P7: 0.80689157 | Q7: 4104 | R7: 0.80689157 | S7: 4617 | T7: 0.80689157 | U7: 5129 | V7: 0.80689157 | W7: 5642 | X7: 0.80689157 | Y7: 6155 | Z7: 0.80689157 | AA7: 6668 | AB7: 0.80689157 | AC7: 7181 | AD7: 0.80689157 | AE7: 7694 | AF7: 0.80689157 | AG7: 8207 | AH7: 0.80689157 | AI7: 8720 | AJ7: 0.80689157 | AK7: 9233 | AL7: 0.80689157 | AM7: 9746 | AN7: 0.80689157 | AO7: 10259 | AP7: 0.80689157 | AQ7: 10772 | AR7: 0.80689157 | AS7: 11285 | AT7: 0.80689157 | AU7: 11798 | AV7: 0.80689157 | AW7: 12311 | AX7: 0.80689157 | AY7: 12824 | AZ7: 0.80689157 | BA7: 13337 | BB7: 0.80689157 | BC7: 13850 | BD7: 0.80689157 | BE7: 14363 | BF7: 0.80689157 | BG7: 14876 | BH7: 0.80689157 | BI7: 15388 | BJ7: 0.80689157
B8: 1年～3年未満 | C8: 636 | D8: 1 | E8: 1271 | F8: 1 | G8: 1907 | H8: 1 | I8: 2543 | J8: 1 | K8: 3179 | L8: 1 | M8: 3814 | N8: 1 | O8: 4450 | P8: 1 | Q8: 5086 | R8: 1 | S8: 5721 | T8: 1 | U8: 6357 | V8: 1 | W8: 6993 | X8: 1 | Y8: 7629 | Z8: 1 | AA8: 8264 | AB8: 1 | AC8: 8900 | AD8: 1 | AE8: 9536 | AF8: 1 | AG8: 10171 | AH8: 1 | AI8: 10807 | AJ8: 1 | AK8: 11443 | AL8: 1 | AM8: 12078 | AN8: 1 | AO8: 12714 | AP8: 1 | AQ8: 13350 | AR8: 1 | AS8: 13986 | AT8: 1 | AU8: 14621 | AV8: 1 | AW8: 15257 | AX8: 1 | AY8: 15893 | AZ8: 1 | BA8: 16528 | BB8: 1 | BC8: 17164 | BD8: 1 | BE8: 17800 | BF8: 1 | BG8: 18436 | BH8: 1 | BI8: 19071 | BJ8: 1
B20: ■ 推定モデル前提（既存データから算出。A・B平均＝季節平準化値）
B21: パラメータ | C21: サンプルA(季節1) | D21: サンプルB(季節2) | E21: A・B平均
B22: 設置台数あたり総会員数 k | C22: =AVERAGE(#REF!/#REF!,#REF!/#REF!,#REF!/#REF!,#REF!/#REF!,#REF!/#REF!,#REF!/#REF!,#REF!/#REF!,#REF!/#REF!) -> #REF! | D22: =AVERAGE(#REF!/#REF!,#REF!/#REF!,#REF!/#REF!,#REF!/#REF!,#REF!/#REF!,#REF!/#REF!,#REF!/#REF!,#REF!/#REF!) -> #REF! | E22: =(C22+D22)/2 -> #REF!
B23: 1ヶ月未満 割合 | C23: =AVERAGE(#REF!,#REF!,#REF!,#REF!,#REF!,#REF!,#REF!,#REF!) -> #REF! | D23: =AVERAGE(#REF!,#REF!,#REF!,#REF!,#REF!,#REF!,#REF!,#REF!) -> #REF! | E23: =(C23+D23)/2 -> #REF!
B24: 1〜2ヶ月未満 割合 | C24: =AVERAGE(#REF!,#REF!,#REF!,#REF!,#REF!,#REF!,#REF!,#REF!) -> #REF! | D24: =AVERAGE(#REF!,#REF!,#REF!,#REF!,#REF!,#REF!,#REF!,#REF!) -> #REF! | E24: =(C24+D24)/2 -> #REF!
B25: 2〜3ヶ月未満 割合 | C25: =AVERAGE(#REF!,#REF!,#REF!,#REF!,#REF!,#REF!,#REF!,#REF!) -> #REF! | D25: =AVERAGE(#REF!,#REF!,#REF!,#REF!,#REF!,#REF!,#REF!,#REF!) -> #REF! | E25: =(C25+D25)/2 -> #REF!
B26: 3～6ヶ月未満 割合 | C26: =AVERAGE(#REF!,#REF!,#REF!,#REF!,#REF!,#REF!,#REF!,#REF!) -> #REF! | D26: =AVERAGE(#REF!,#REF!,#REF!,#REF!,#REF!,#REF!,#REF!,#REF!) -> #REF! | E26: =(C26+D26)/2 -> #REF!
B27: 半年～1年未満 割合 | C27: =AVERAGE(#REF!,#REF!,#REF!,#REF!,#REF!,#REF!,#REF!,#REF!) -> #REF! | D27: =AVERAGE(#REF!,#REF!,#REF!,#REF!,#REF!,#REF!,#REF!,#REF!) -> #REF! | E27: =(C27+D27)/2 -> #REF!
B28: 1年～3年未満 割合 | C28: =AVERAGE(#REF!,#REF!,#REF!,#REF!,#REF!,#REF!,#REF!,#REF!) -> #REF! | D28: =AVERAGE(#REF!,#REF!,#REF!,#REF!,#REF!,#REF!,#REF!,#REF!) -> #REF! | E28: =(C28+D28)/2 -> #REF!
B32: [グラフ用] 点推定(平均) | C32: 100 | D32: 200 | E32: 300 | F32: 400 | G32: 500 | H32: 600 | I32: 700 | J32: 800 | K32: 900 | L32: 1000 | M32: 1100 | N32: 1200 | O32: 1300 | P32: 1400 | Q32: 1500 | R32: 1600 | S32: 1700 | T32: 1800 | U32: 1900 | V32: 2000 | W32: 2100 | X32: 2200 | Y32: 2300 | Z32: 2400 | AA32: 2500 | AB32: 2600 | AC32: 2700 | AD32: 2800 | AE32: 2900 | AF32: 3000
B33: 1ヶ月未満 | C33: =#REF! -> #REF! | D33: =#REF! -> #REF! | E33: =#REF! -> #REF! | F33: =#REF! -> #REF! | G33: =#REF! -> #REF! | H33: =#REF! -> #REF! | I33: =#REF! -> #REF! | J33: =#REF! -> #REF! | ... AF33: =#REF! -> #REF!
B34: 1〜2ヶ月未満 | C34: =#REF! -> #REF! | D34: =#REF! -> #REF! | E34: =#REF! -> #REF! | F34: =#REF! -> #REF! | G34: =#REF! -> #REF! | H34: =#REF! -> #REF! | I34: =#REF! -> #REF! | J34: =#REF! -> #REF! | ... AF34: =#REF! -> #REF!
B35: 2〜3ヶ月未満 | C35: =#REF! -> #REF! | D35: =#REF! -> #REF! | E35: =#REF! -> #REF! | F35: =#REF! -> #REF! | G35: =#REF! -> #REF! | H35: =#REF! -> #REF! | I35: =#REF! -> #REF! | J35: =#REF! -> #REF! | ... AF35: =#REF! -> #REF!
B36: 3～6ヶ月未満 | C36: =#REF! -> #REF! | D36: =#REF! -> #REF! | E36: =#REF! -> #REF! | F36: =#REF! -> #REF! | G36: =#REF! -> #REF! | H36: =#REF! -> #REF! | I36: =#REF! -> #REF! | J36: =#REF! -> #REF! | ... AF36: =#REF! -> #REF!
B37: 半年～1年未満 | C37: =#REF! -> #REF! | D37: =#REF! -> #REF! | E37: =#REF! -> #REF! | F37: =#REF! -> #REF! | G37: =#REF! -> #REF! | H37: =#REF! -> #REF! | I37: =#REF! -> #REF! | J37: =#REF! -> #REF! | ... AF37: =#REF! -> #REF!
B38: 1年～3年未満 | C38: =#REF! -> #REF! | D38: =#REF! -> #REF! | E38: =#REF! -> #REF! | F38: =#REF! -> #REF! | G38: =#REF! -> #REF! | H38: =#REF! -> #REF! | I38: =#REF! -> #REF! | J38: =#REF! -> #REF! | ... AF38: =#REF! -> #REF!

Sheet Sheet1
A1: サンプルデータA | C1: 設置台数 | D1: 900 | E1: 設置台数 | F1: 353 | G1: 設置台数 | H1: 563 | I1: 設置台数 | J1: 982 | K1: 設置台数 | L1: 440 | M1: 設置台数 | N1: 461 | O1: 設置台数 | P1: 389 | Q1: 設置台数 | R1: 1007
B2: 離反期間 | C2: A店 | D2: 1年～3年未満の割合 | E2: B店 | F2: 1年～3年未満の割合 | G2: C店 | H2: 1年～3年未満の割合 | I2: D店 | J2: 1年～3年未満の割合 | K2: E店 | L2: 1年～3年未満の割合 | M2: F店 | N2: 1年～3年未満の割合 | O2: G店 | P2: 1年～3年未満の割合 | Q2: H店 | R2: 1年～3年未満の割合
B3: 1ヶ月未満 | C3: 1682 | D3: =C3/C8 -> 0.32445988 | E3: 862 | F3: =E3/E8 -> 0.43403827 | G3: 1176 | H3: =G3/G8 -> 0.5 | I3: 2949 | J3: =I3/I8 -> 0.40890183 | K3: 1131 | L3: =K3/K8 -> 0.35421234 | M3: 1330 | N3: =M3/M8 -> 0.38207412 | O3: 1171 | P3: =O3/O8 -> 0.43890555 | Q3: 3016 | R3: =Q3/Q8 -> 0.39867812
B4: 1〜2ヶ月未満 | C4: 1947 | D4: =C4/C8 -> 0.3755787 | E4: 956 | F4: =E4/E8 -> 0.48136959 | G4: 1359 | H4: =G4/G8 -> 0.57780612 | I4: 3412 | J4: =I4/I8 -> 0.47310039 | K4: 1335 | L4: =K4/K8 -> 0.4181021 | M4: 1550 | N4: =M4/M8 -> 0.44527435 | O4: 1357 | P4: =O4/O8 -> 0.50862069 | Q4: 3618 | R4: =Q4/Q8 -> 0.47825512
B5: 2〜3ヶ月未満 | C5: 2141 | D5: =C5/C8 -> 0.41300154 | E5: 1027 | F5: =E5/E8 -> 0.51711984 | G5: 1486 | H5: =G5/G8 -> 0.63180272 | I5: 3733 | J5: =I5/I8 -> 0.51760954 | K5: 1456 | L5: =K5/K8 -> 0.45599749 | M5: 1687 | N5: =M5/M8 -> 0.48463085 | O5: 1445 | P5: =O5/O8 -> 0.5416042 | Q5: 3963 | R5: =Q5/Q8 -> 0.52385988
B6: 3～6ヶ月未満 | C6: 2592 | D6: =C6/C8 -> 0.5 | E6: 1212 | F6: =E6/E8 -> 0.6102719 | G6: 1765 | H6: =G6/G8 -> 0.75042517 | I6: 4375 | J6: =I6/I8 -> 0.60662784 | K6: 1777 | L6: =K6/K8 -> 0.55652991 | M6: 1974 | N6: =M6/M8 -> 0.56707843 | O6: 1675 | P6: =O6/O8 -> 0.62781109 | Q6: 4739 | R6: =Q6/Q8 -> 0.62643754
B7: 半年～1年未満 | C7: 3189 | D7: =C7/C8 -> 0.61516204 | E7: 1475 | F7: =E7/E8 -> 0.74269889 | G7: 2203 | H7: =G7/G8 -> 0.93664966 | I7: 5308 | J7: =I7/I8 -> 0.73599556 | K7: 2231 | L7: =K7/K8 -> 0.69871594 | M7: 2453 | N7: =M7/M8 -> 0.70468256 | O7: 1987 | P7: =O7/O8 -> 0.74475262 | Q7: 5663 | R7: =Q7/Q8 -> 0.74857898
B8: 1年～3年未満 | C8: 5184 | D8: =C8/C8 -> 1 | E8: 1986 | F8: =E8/E8 -> 1 | G8: 2352 | H8: =G8/G8 -> 1 | I8: 7212 | J8: =I8/I8 -> 1 | K8: 3193 | L8: =K8/K8 -> 1 | M8: 3481 | N8: =M8/M8 -> 1 | O8: 2668 | P8: =O8/O8 -> 1 | Q8: 7565 | R8: =Q8/Q8 -> 1
A11: サンプルデータB | C11: 設置台数 | D11: 900 | E11: 設置台数 | F11: 353 | G11: 設置台数 | H11: 563 | I11: 設置台数 | J11: 982 | K11: 設置台数 | L11: 440 | M11: 設置台数 | N11: 461 | O11: 設置台数 | P11: 389 | Q11: 設置台数 | R11: 1007
B12: 離反期間 | C12: A店 | D12: 1年～3年未満の割合 | E12: B店 | F12: 1年～3年未満の割合 | G12: C店 | H12: 1年～3年未満の割合 | I12: D店 | J12: 1年～3年未満の割合 | K12: E店 | L12: 1年～3年未満の割合 | M12: F店 | N12: 1年～3年未満の割合 | O12: G店 | P12: 1年～3年未満の割合 | Q12: H店 | R12: 1年～3年未満の割合
B13: 1ヶ月未満 | C13: 1642 | D13: =C13/C18 -> 0.31169324 | E13: 854 | F13: =E13/E18 -> 0.44409776 | G13: 1209 | H13: =G13/G18 -> 0.34483742 | I13: 1454 | J13: =I13/I18 -> 0.44410507 | K13: 1163 | L13: =K13/K18 -> 0.36873811 | M13: 1243 | N13: =M13/M18 -> 0.36786031 | O13: 1226 | P13: =O13/O18 -> 0.46281616 | Q13: 3241 | R13: =Q13/Q18 -> 0.43161539
B14: 1〜2ヶ月未満 | C14: 1987 | D14: =C14/C18 -> 0.37718299 | E14: 981 | F14: =E14/E18 -> 0.51014041 | G14: 1405 | H14: =G14/G18 -> 0.40074159 | I14: 1655 | J14: =I14/I18 -> 0.50549786 | K14: 1366 | L14: =K14/K18 -> 0.43310082 | M14: 1466 | N14: =M14/M18 -> 0.43385617 | O14: 1385 | P14: =O14/O18 -> 0.52283881 | Q14: 3816 | R14: =Q14/Q18 -> 0.50819017
B15: 2〜3ヶ月未満 | C15: 2186 | D15: =C15/C18 -> 0.41495824 | E15: 1062 | F15: =E15/E18 -> 0.55226209 | G15: 1532 | H15: =G15/G18 -> 0.4369652 | I15: 1745 | J15: =I15/I18 -> 0.53298717 | K15: 1478 | L15: =K15/K18 -> 0.46861129 | M15: 1595 | N15: =M15/M18 -> 0.47203315 | O15: 1474 | P15: =O15/O18 -> 0.55643639 | Q15: 4124 | R15: =Q15/Q18 -> 0.54920762
B16: 3～6ヶ月未満 | C16: 3753 | D16: =C16/C18 -> 0.71241458 | E16: 1582 | F16: =E16/E18 -> 0.82267291 | G16: 2679 | H16: =G16/G18 -> 0.76411865 | I16: 2514 | J16: =I16/I18 -> 0.76786805 | K16: 2447 | L16: =K16/K18 -> 0.7758402 | M16: 2703 | N16: =M16/M18 -> 0.79994081 | O16: 2182 | P16: =O16/O18 -> 0.82370706 | Q16: 6192 | R16: =Q16/Q18 -> 0.82461047
B17: 半年～1年未満 | C17: 4346 | D17: =C17/C18 -> 0.82498102 | E17: 1718 | F17: =E17/E18 -> 0.89339574 | G17: 3038 | H17: =G17/G18 -> 0.86651455 | I17: 2760 | J17: =I17/I18 -> 0.8430055 | K17: 2728 | L17: =K17/K18 -> 0.86493342 | M17: 3014 | N17: =M17/M18 -> 0.89197988 | O17: 2390 | P17: =O17/O18 -> 0.90222726 | Q17: 6728 | R17: =Q17/Q18 -> 0.89599148
B18: 1年～3年未満 | C18: 5268 | D18: =C18/C18 -> 1 | E18: 1923 | F18: =E18/E18 -> 1 | G18: 3506 | H18: =G18/G18 -> 1 | I18: 3274 | J18: =I18/I18 -> 1 | K18: 3154 | L18: =K18/K18 -> 1 | M18: 3379 | N18: =M18/M18 -> 1 | O18: 2649 | P18: =O18/O18 -> 1 | Q18: 7509 | R18: =Q18/Q18 -> 1
B21: 設置台数(数値)→ | C21: 100 | E21: 200 | G21: 300 | I21: 400 | K21: 500 | M21: 600 | O21: 700 | Q21: 800 | S21: 900 | U21: 1000 | W21: 1100 | Y21: 1200 | AA21: 1300 | AC21: 1400 | AE21: 1500 | AG21: 1600 | AI21: 1700 | AK21: 1800 | AM21: 1900 | AO21: 2000 | AQ21: 2100 | AS21: 2200 | AU21: 2300 | AW21: 2400 | AY21: 2500 | BA21: 2600 | BC21: 2700 | BE21: 2800 | BG21: 2900 | BI21: 3000
A22: 想定データ（点推定＝A・B平均／季節平準化） | B22: 離反期間 | C22: 100台店舗 | D22: 1年～3年未満の割合 | E22: 200台店舗 | F22: 1年～3年未満の割合 | G22: 300台店舗 | H22: 1年～3年未満の割合 | I22: 400台店舗 | J22: 1年～3年未満の割合 | K22: 500台店舗 | L22: 1年～3年未満の割合 | M22: 600台店舗 | N22: 1年～3年未満の割合 | O22: 700台店舗 | P22: 1年～3年未満の割合 | Q22: 800台店舗 | R22: 1年～3年未満の割合 | S22: 900台店舗 | T22: 1年～3年未満の割合 | U22: 1000台店舗 | V22: 1年～3年未満の割合 | W22: 1100台店舗 | X22: 1年～3年未満の割合 | Y22: 1200台店舗 | Z22: 1年～3年未満の割合 | AA22: 1300台店舗 | AB22: 1年～3年未満の割合 | AC22: 1400台店舗 | AD22: 1年～3年未満の割合 | AE22: 1500台店舗 | AF22: 1年～3年未満の割合 | AG22: 1600台店舗 | AH22: 1年～3年未満の割合 | AI22: 1700台店舗 | AJ22: 1年～3年未満の割合 | AK22: 1800台店舗 | AL22: 1年～3年未満の割合 | AM22: 1900台店舗 | AN22: 1年～3年未満の割合 | AO22: 2000台店舗 | AP22: 1年～3年未満の割合 | AQ22: 2100台店舗 | AR22: 1年～3年未満の割合 | AS22: 2200台店舗 | AT22: 1年～3年未満の割合 | AU22: 2300台店舗 | AV22: 1年～3年未満の割合 | AW22: 2400台店舗 | AX22: 1年～3年未満の割合 | AY22: 2500台店舗 | AZ22: 1年～3年未満の割合 | BA22: 2600台店舗 | BB22: 1年～3年未満の割合 | BC22: 2700台店舗 | BD22: 1年～3年未満の割合 | BE22: 2800台店舗 | BF22: 1年～3年未満の割合 | BG22: 2900台店舗 | BH22: 1年～3年未満の割合 | BI22: 3000台店舗 | BJ22: 1年～3年未満の割合
B23: 1ヶ月未満 | C23: =ROUND(C$21*$E$52*$E$53,0) -> 255 | D23: =$E$53 -> 0.4010646 | E23: =ROUND(E$21*$E$52*$E$53,0) -> 510 | F23: =$E$53 -> 0.4010646 | G23: =ROUND(G$21*$E$52*$E$53,0) -> 765 | H23: =$E$53 -> 0.4010646 | I23: =ROUND(I$21*$E$52*$E$53,0) -> 1020 | J23: =$E$53 -> 0.4010646 | K23: =ROUND(K$21*$E$52*$E$53,0) -> 1275 | L23: =$E$53 -> 0.4010646 | M23: =ROUND(M$21*$E$52*$E$53,0) -> 1530 | N23: =$E$53 -> 0.4010646 | O23: =ROUND(O$21*$E$52*$E$53,0) -> 1785 | P23: =$E$53 -> 0.4010646 | Q23: =ROUND(Q$21*$E$52*$E$53,0) -> 2040 | R23: =$E$53 -> 0.4010646 | S23: =ROUND(S$21*$E$52*$E$53,0) -> 2295 | T23: =$E$53 -> 0.4010646 | U23: =ROUND(U$21*$E$52*$E$53,0) -> 2550 | V23: =$E$53 -> 0.4010646 | W23: =ROUND(W$21*$E$52*$E$53,0) -> 2805 | X23: =$E$53 -> 0.4010646 | Y23: =ROUND(Y$21*$E$52*$E$53,0) -> 3060 | Z23: =$E$53 -> 0.4010646 | AA23: =ROUND(AA$21*$E$52*$E$53,0) -> 3314 | AB23: =$E$53 -> 0.4010646 | AC23: =ROUND(AC$21*$E$52*$E$53,0) -> 3569 | AD23: =$E$53 -> 0.4010646 | AE23: =ROUND(AE$21*$E$52*$E$53,0) -> 3824 | AF23: =$E$53 -> 0.4010646 | AG23: =ROUND(AG$21*$E$52*$E$53,0) -> 4079 | AH23: =$E$53 -> 0.4010646 | AI23: =ROUND(AI$21*$E$52*$E$53,0) -> 4334 | AJ23: =$E$53 -> 0.4010646 | AK23: =ROUND(AK$21*$E$52*$E$53,0) -> 4589 | AL23: =$E$53 -> 0.4010646 | AM23: =ROUND(AM$21*$E$52*$E$53,0) -> 4844 | AN23: =$E$53 -> 0.4010646 | AO23: =ROUND(AO$21*$E$52*$E$53,0) -> 5099 | AP23: =$E$53 -> 0.4010646 | AQ23: =ROUND(AQ$21*$E$52*$E$53,0) -> 5354 | AR23: =$E$53 -> 0.4010646 | AS23: =ROUND(AS$21*$E$52*$E$53,0) -> 5609 | AT23: =$E$53 -> 0.4010646 | AU23: =ROUND(AU$21*$E$52*$E$53,0) -> 5864 | AV23: =$E$53 -> 0.4010646 | AW23: =ROUND(AW$21*$E$52*$E$53,0) -> 6119 | AX23: =$E$53 -> 0.4010646 | AY23: =ROUND(AY$21*$E$52*$E$53,0) -> 6374 | AZ23: =$E$53 -> 0.4010646 | BA23: =ROUND(BA$21*$E$52*$E$53,0) -> 6629 | BB23: =$E$53 -> 0.4010646 | BC23: =ROUND(BC$21*$E$52*$E$53,0) -> 6884 | BD23: =$E$53 -> 0.4010646 | BE23: =ROUND(BE$21*$E$52*$E$53,0) -> 7139 | BF23: =$E$53 -> 0.4010646 | BG23: =ROUND(BG$21*$E$52*$E$53,0) -> 7394 | BH23: =$E$53 -> 0.4010646 | BI23: =ROUND(BI$21*$E$52*$E$53,0) -> 7649 | BJ23: =$E$53 -> 0.4010646
B24: 1〜2ヶ月未満 | C24: =ROUND(C$21*$E$52*$E$54,0) -> 296 | D24: =$E$54 -> 0.46560349 | E24: =ROUND(E$21*$E$52*$E$54,0) -> 592 | F24: =$E$54 -> 0.46560349 | G24: =ROUND(G$21*$E$52*$E$54,0) -> 888 | H24: =$E$54 -> 0.46560349 | I24: =ROUND(I$21*$E$52*$E$54,0) -> 1184 | J24: =$E$54 -> 0.46560349 | K24: =ROUND(K$21*$E$52*$E$54,0) -> 1480 | L24: =$E$54 -> 0.46560349 | M24: =ROUND(M$21*$E$52*$E$54,0) -> 1776 | N24: =$E$54 -> 0.46560349 | O24: =ROUND(O$21*$E$52*$E$54,0) -> 2072 | P24: =$E$54 -> 0.46560349 | Q24: =ROUND(Q$21*$E$52*$E$54,0) -> 2368 | R24: =$E$54 -> 0.46560349 | S24: =ROUND(S$21*$E$52*$E$54,0) -> 2664 | T24: =$E$54 -> 0.46560349 | U24: =ROUND(U$21*$E$52*$E$54,0) -> 2960 | V24: =$E$54 -> 0.46560349 | W24: =ROUND(W$21*$E$52*$E$54,0) -> 3256 | X24: =$E$54 -> 0.46560349 | Y24: =ROUND(Y$21*$E$52*$E$54,0) -> 3552 | Z24: =$E$54 -> 0.46560349 | AA24: =ROUND(AA$21*$E$52*$E$54,0) -> 3848 | AB24: =$E$54 -> 0.46560349 | AC24: =ROUND(AC$21*$E$52*$E$54,0) -> 4144 | AD24: =$E$54 -> 0.46560349 | AE24: =ROUND(AE$21*$E$52*$E$54,0) -> 4440 | AF24: =$E$54 -> 0.46560349 | AG24: =ROUND(AG$21*$E$52*$E$54,0) -> 4736 | AH24: =$E$54 -> 0.46560349 | AI24: =ROUND(AI$21*$E$52*$E$54,0) -> 5032 | AJ24: =$E$54 -> 0.46560349 | AK24: =ROUND(AK$21*$E$52*$E$54,0) -> 5328 | AL24: =$E$54 -> 0.46560349 | AM24: =ROUND(AM$21*$E$52*$E$54,0) -> 5624 | AN24: =$E$54 -> 0.46560349 | AO24: =ROUND(AO$21*$E$52*$E$54,0) -> 5920 | AP24: =$E$54 -> 0.46560349 | AQ24: =ROUND(AQ$21*$E$52*$E$54,0) -> 6216 | AR24: =$E$54 -> 0.46560349 | AS24: =ROUND(AS$21*$E$52*$E$54,0) -> 6512 | AT24: =$E$54 -> 0.46560349 | AU24: =ROUND(AU$21*$E$52*$E$54,0) -> 6808 | AV24: =$E$54 -> 0.46560349 | AW24: =ROUND(AW$21*$E$52*$E$54,0) -> 7104 | AX24: =$E$54 -> 0.46560349 | AY24: =ROUND(AY$21*$E$52*$E$54,0) -> 7400 | AZ24: =$E$54 -> 0.46560349 | BA24: =ROUND(BA$21*$E$52*$E$54,0) -> 7696 | BB24: =$E$54 -> 0.46560349 | BC24: =ROUND(BC$21*$E$52*$E$54,0) -> 7992 | BD24: =$E$54 -> 0.46560349 | BE24: =ROUND(BE$21*$E$52*$E$54,0) -> 8288 | BF24: =$E$54 -> 0.46560349 | BG24: =ROUND(BG$21*$E$52*$E$54,0) -> 8584 | BH24: =$E$54 -> 0.46560349 | BI24: =ROUND(BI$21*$E$52*$E$54,0) -> 8880 | BJ24: =$E$54 -> 0.46560349
B25: 2〜3ヶ月未満 | C25: =ROUND(C$21*$E$52*$E$55,0) -> 321 | D25: =$E$55 -> 0.50431795 | E25: =ROUND(E$21*$E$52*$E$55,0) -> 641 | F25: =$E$55 -> 0.50431795 | G25: =ROUND(G$21*$E$52*$E$55,0) -> 962 | H25: =$E$55 -> 0.50431795 | I25: =ROUND(I$21*$E$52*$E$55,0) -> 1282 | J25: =$E$55 -> 0.50431795 | K25: =ROUND(K$21*$E$52*$E$55,0) -> 1603 | L25: =$E$55 -> 0.50431795 | M25: =ROUND(M$21*$E$52*$E$55,0) -> 1924 | N25: =$E$55 -> 0.50431795 | O25: =ROUND(O$21*$E$52*$E$55,0) -> 2244 | P25: =$E$55 -> 0.50431795 | Q25: =ROUND(Q$21*$E$52*$E$55,0) -> 2565 | R25: =$E$55 -> 0.50431795 | S25: =ROUND(S$21*$E$52*$E$55,0) -> 2885 | T25: =$E$55 -> 0.50431795 | U25: =ROUND(U$21*$E$52*$E$55,0) -> 3206 | V25: =$E$55 -> 0.50431795 | W25: =ROUND(W$21*$E$52*$E$55,0) -> 3527 | X25: =$E$55 -> 0.50431795 | Y25: =ROUND(Y$21*$E$52*$E$55,0) -> 3847 | Z25: =$E$55 -> 0.50431795 | AA25: =ROUND(AA$21*$E$52*$E$55,0) -> 4168 | AB25: =$E$55 -> 0.50431795 | AC25: =ROUND(AC$21*$E$52*$E$55,0) -> 4488 | AD25: =$E$55 -> 0.50431795 | AE25: =ROUND(AE$21*$E$52*$E$55,0) -> 4809 | AF25: =$E$55 -> 0.50431795 | AG25: =ROUND(AG$21*$E$52*$E$55,0) -> 5130 | AH25: =$E$55 -> 0.50431795 | AI25: =ROUND(AI$21*$E$52*$E$55,0) -> 5450 | AJ25: =$E$55 -> 0.50431795 | AK25: =ROUND(AK$21*$E$52*$E$55,0) -> 5771 | AL25: =$E$55 -> 0.50431795 | AM25: =ROUND(AM$21*$E$52*$E$55,0) -> 6091 | AN25: =$E$55 -> 0.50431795 | AO25: =ROUND(AO$21*$E$52*$E$55,0) -> 6412 | AP25: =$E$55 -> 0.50431795 | AQ25: =ROUND(AQ$21*$E$52*$E$55,0) -> 6733 | AR25: =$E$55 -> 0.50431795 | AS25: =ROUND(AS$21*$E$52*$E$55,0) -> 7053 | AT25: =$E$55 -> 0.50431795 | AU25: =ROUND(AU$21*$E$52*$E$55,0) -> 7374 | AV25: =$E$55 -> 0.50431795 | AW25: =ROUND(AW$21*$E$52*$E$55,0) -> 7694 | AX25: =$E$55 -> 0.50431795 | AY25: =ROUND(AY$21*$E$52*$E$55,0) -> 8015 | AZ25: =$E$55 -> 0.50431795 | BA25: =ROUND(BA$21*$E$52*$E$55,0) -> 8336 | BB25: =$E$55 -> 0.50431795 | BC25: =ROUND(BC$21*$E$52*$E$55,0) -> 8656 | BD25: =$E$55 -> 0.50431795 | BE25: =ROUND(BE$21*$E$52*$E$55,0) -> 8977 | BF25: =$E$55 -> 0.50431795 | BG25: =ROUND(BG$21*$E$52*$E$55,0) -> 9297 | BH25: =$E$55 -> 0.50431795 | BI25: =ROUND(BI$21*$E$52*$E$55,0) -> 9618 | BJ25: =$E$55 -> 0.50431795
B26: 3～6ヶ月未満 | C26: =ROUND(C$21*$E$52*$E$56,0) -> 442 | D26: =$E$56 -> 0.69602216 | E26: =ROUND(E$21*$E$52*$E$56,0) -> 885 | F26: =$E$56 -> 0.69602216 | G26: =ROUND(G$21*$E$52*$E$56,0) -> 1327 | H26: =$E$56 -> 0.69602216 | I26: =ROUND(I$21*$E$52*$E$56,0) -> 1770 | J26: =$E$56 -> 0.69602216 | K26: =ROUND(K$21*$E$52*$E$56,0) -> 2212 | L26: =$E$56 -> 0.69602216 | M26: =ROUND(M$21*$E$52*$E$56,0) -> 2655 | N26: =$E$56 -> 0.69602216 | O26: =ROUND(O$21*$E$52*$E$56,0) -> 3097 | P26: =$E$56 -> 0.69602216 | Q26: =ROUND(Q$21*$E$52*$E$56,0) -> 3540 | R26: =$E$56 -> 0.69602216 | S26: =ROUND(S$21*$E$52*$E$56,0) -> 3982 | T26: =$E$56 -> 0.69602216 | U26: =ROUND(U$21*$E$52*$E$56,0) -> 4425 | V26: =$E$56 -> 0.69602216 | W26: =ROUND(W$21*$E$52*$E$56,0) -> 4867 | X26: =$E$56 -> 0.69602216 | Y26: =ROUND(Y$21*$E$52*$E$56,0) -> 5310 | Z26: =$E$56 -> 0.69602216 | AA26: =ROUND(AA$21*$E$52*$E$56,0) -> 5752 | AB26: =$E$56 -> 0.69602216 | AC26: =ROUND(AC$21*$E$52*$E$56,0) -> 6195 | AD26: =$E$56 -> 0.69602216 | AE26: =ROUND(AE$21*$E$52*$E$56,0) -> 6637 | AF26: =$E$56 -> 0.69602216 | AG26: =ROUND(AG$21*$E$52*$E$56,0) -> 7079 | AH26: =$E$56 -> 0.69602216 | AI26: =ROUND(AI$21*$E$52*$E$56,0) -> 7522 | AJ26: =$E$56 -> 0.69602216 | AK26: =ROUND(AK$21*$E$52*$E$56,0) -> 7964 | AL26: =$E$56 -> 0.69602216 | AM26: =ROUND(AM$21*$E$52*$E$56,0) -> 8407 | AN26: =$E$56 -> 0.69602216 | AO26: =ROUND(AO$21*$E$52*$E$56,0) -> 8849 | AP26: =$E$56 -> 0.69602216 | AQ26: =ROUND(AQ$21*$E$52*$E$56,0) -> 9292 | AR26: =$E$56 -> 0.69602216 | AS26: =ROUND(AS$21*$E$52*$E$56,0) -> 9734 | AT26: =$E$56 -> 0.69602216 | AU26: =ROUND(AU$21*$E$52*$E$56,0) -> 10177 | AV26: =$E$56 -> 0.69602216 | AW26: =ROUND(AW$21*$E$52*$E$56,0) -> 10619 | AX26: =$E$56 -> 0.69602216 | AY26: =ROUND(AY$21*$E$52*$E$56,0) -> 11062 | AZ26: =$E$56 -> 0.69602216 | BA26: =ROUND(BA$21*$E$52*$E$56,0) -> 11504 | BB26: =$E$56 -> 0.69602216 | BC26: =ROUND(BC$21*$E$52*$E$56,0) -> 11947 | BD26: =$E$56 -> 0.69602216 | BE26: =ROUND(BE$21*$E$52*$E$56,0) -> 12389 | BF26: =$E$56 -> 0.69602216 | BG26: =ROUND(BG$21*$E$52*$E$56,0) -> 12832 | BH26: =$E$56 -> 0.69602216 | BI26: =ROUND(BI$21*$E$52*$E$56,0) -> 13274 | BJ26: =$E$56 -> 0.69602216
B27: 半年～1年未満 | C27: =ROUND(C$21*$E$52*$E$57,0) -> 513 | D27: =$E$57 -> 0.80689157 | E27: =ROUND(E$21*$E$52*$E$57,0) -> 1026 | F27: =$E$57 -> 0.80689157 | G27: =ROUND(G$21*$E$52*$E$57,0) -> 1539 | H27: =$E$57 -> 0.80689157 | I27: =ROUND(I$21*$E$52*$E$57,0) -> 2052 | J27: =$E$57 -> 0.80689157 | K27: =ROUND(K$21*$E$52*$E$57,0) -> 2565 | L27: =$E$57 -> 0.80689157 | M27: =ROUND(M$21*$E$52*$E$57,0) -> 3078 | N27: =$E$57 -> 0.80689157 | O27: =ROUND(O$21*$E$52*$E$57,0) -> 3591 | P27: =$E$57 -> 0.80689157 | Q27: =ROUND(Q$21*$E$52*$E$57,0) -> 4104 | R27: =$E$57 -> 0.80689157 | S27: =ROUND(S$21*$E$52*$E$57,0) -> 4617 | T27: =$E$57 -> 0.80689157 | U27: =ROUND(U$21*$E$52*$E$57,0) -> 5129 | V27: =$E$57 -> 0.80689157 | W27: =ROUND(W$21*$E$52*$E$57,0) -> 5642 | X27: =$E$57 -> 0.80689157 | Y27: =ROUND(Y$21*$E$52*$E$57,0) -> 6155 | Z27: =$E$57 -> 0.80689157 | AA27: =ROUND(AA$21*$E$52*$E$57,0) -> 6668 | AB27: =$E$57 -> 0.80689157 | AC27: =ROUND(AC$21*$E$52*$E$57,0) -> 7181 | AD27: =$E$57 -> 0.80689157 | AE27: =ROUND(AE$21*$E$52*$E$57,0) -> 7694 | AF27: =$E$57 -> 0.80689157 | AG27: =ROUND(AG$21*$E$52*$E$57,0) -> 8207 | AH27: =$E$57 -> 0.80689157 | AI27: =ROUND(AI$21*$E$52*$E$57,0) -> 8720 | AJ27: =$E$57 -> 0.80689157 | AK27: =ROUND(AK$21*$E$52*$E$57,0) -> 9233 | AL27: =$E$57 -> 0.80689157 | AM27: =ROUND(AM$21*$E$52*$E$57,0) -> 9746 | AN27: =$E$57 -> 0.80689157 | AO27: =ROUND(AO$21*$E$52*$E$57,0) -> 10259 | AP27: =$E$57 -> 0.80689157 | AQ27: =ROUND(AQ$21*$E$52*$E$57,0) -> 10772 | AR27: =$E$57 -> 0.80689157 | AS27: =ROUND(AS$21*$E$52*$E$57,0) -> 11285 | AT27: =$E$57 -> 0.80689157 | AU27: =ROUND(AU$21*$E$52*$E$57,0) -> 11798 | AV27: =$E$57 -> 0.80689157 | AW27: =ROUND(AW$21*$E$52*$E$57,0) -> 12311 | AX27: =$E$57 -> 0.80689157 | AY27: =ROUND(AY$21*$E$52*$E$57,0) -> 12824 | AZ27: =$E$57 -> 0.80689157 | BA27: =ROUND(BA$21*$E$52*$E$57,0) -> 13337 | BB27: =$E$57 -> 0.80689157 | BC27: =ROUND(BC$21*$E$52*$E$57,0) -> 13850 | BD27: =$E$57 -> 0.80689157 | BE27: =ROUND(BE$21*$E$52*$E$57,0) -> 14363 | BF27: =$E$57 -> 0.80689157 | BG27: =ROUND(BG$21*$E$52*$E$57,0) -> 14876 | BH27: =$E$57 -> 0.80689157 | BI27: =ROUND(BI$21*$E$52*$E$57,0) -> 15388 | BJ27: =$E$57 -> 0.80689157
B28: 1年～3年未満 | C28: =ROUND(C$21*$E$52*$E$58,0) -> 636 | D28: =$E$58 -> 1 | E28: =ROUND(E$21*$E$52*$E$58,0) -> 1271 | F28: =$E$58 -> 1 | G28: =ROUND(G$21*$E$52*$E$58,0) -> 1907 | H28: =$E$58 -> 1 | I28: =ROUND(I$21*$E$52*$E$58,0) -> 2543 | J28: =$E$58 -> 1 | K28: =ROUND(K$21*$E$52*$E$58,0) -> 3179 | L28: =$E$58 -> 1 | M28: =ROUND(M$21*$E$52*$E$58,0) -> 3814 | N28: =$E$58 -> 1 | O28: =ROUND(O$21*$E$52*$E$58,0) -> 4450 | P28: =$E$58 -> 1 | Q28: =ROUND(Q$21*$E$52*$E$58,0) -> 5086 | R28: =$E$58 -> 1 | S28: =ROUND(S$21*$E$52*$E$58,0) -> 5721 | T28: =$E$58 -> 1 | U28: =ROUND(U$21*$E$52*$E$58,0) -> 6357 | V28: =$E$58 -> 1 | W28: =ROUND(W$21*$E$52*$E$58,0) -> 6993 | X28: =$E$58 -> 1 | Y28: =ROUND(Y$21*$E$52*$E$58,0) -> 7629 | Z28: =$E$58 -> 1 | AA28: =ROUND(AA$21*$E$52*$E$58,0) -> 8264 | AB28: =$E$58 -> 1 | AC28: =ROUND(AC$21*$E$52*$E$58,0) -> 8900 | AD28: =$E$58 -> 1 | AE28: =ROUND(AE$21*$E$52*$E$58,0) -> 9536 | AF28: =$E$58 -> 1 | AG28: =ROUND(AG$21*$E$52*$E$58,0) -> 10171 | AH28: =$E$58 -> 1 | AI28: =ROUND(AI$21*$E$52*$E$58,0) -> 10807 | AJ28: =$E$58 -> 1 | AK28: =ROUND(AK$21*$E$52*$E$58,0) -> 11443 | AL28: =$E$58 -> 1 | AM28: =ROUND(AM$21*$E$52*$E$58,0) -> 12078 | AN28: =$E$58 -> 1 | AO28: =ROUND(AO$21*$E$52*$E$58,0) -> 12714 | AP28: =$E$58 -> 1 | AQ28: =ROUND(AQ$21*$E$52*$E$58,0) -> 13350 | AR28: =$E$58 -> 1 | AS28: =ROUND(AS$21*$E$52*$E$58,0) -> 13986 | AT28: =$E$58 -> 1 | AU28: =ROUND(AU$21*$E$52*$E$58,0) -> 14621 | AV28: =$E$58 -> 1 | AW28: =ROUND(AW$21*$E$52*$E$58,0) -> 15257 | AX28: =$E$58 -> 1 | AY28: =ROUND(AY$21*$E$52*$E$58,0) -> 15893 | AZ28: =$E$58 -> 1 | BA28: =ROUND(BA$21*$E$52*$E$58,0) -> 16528 | BB28: =$E$58 -> 1 | BC28: =ROUND(BC$21*$E$52*$E$58,0) -> 17164 | BD28: =$E$58 -> 1 | BE28: =ROUND(BE$21*$E$52*$E$58,0) -> 17800 | BF28: =$E$58 -> 1 | BG28: =ROUND(BG$21*$E$52*$E$58,0) -> 18436 | BH28: =$E$58 -> 1 | BI28: =ROUND(BI$21*$E$52*$E$58,0) -> 19071 | BJ28: =$E$58 -> 1
B50: ■ 推定モデル前提（既存データから算出。A・B平均＝季節平準化値）
B51: パラメータ | C51: サンプルA(季節1) | D51: サンプルB(季節2) | E51: A・B平均
B52: 設置台数あたり総会員数 k | C52: =AVERAGE(C8/D1,E8/F1,G8/H1,I8/J1,K8/L1,M8/N1,O8/P1,Q8/R1) -> 6.5108371 | D52: =AVERAGE(C18/D11,E18/F11,G18/H11,I18/J11,K18/L11,M18/N11,O18/P11,Q18/R11) -> 6.2033452 | E52: =(C52+D52)/2 -> 6.3570912
B53: 1ヶ月未満 割合 | C53: =AVERAGE(D3,F3,H3,J3,L3,N3,P3,R3) -> 0.40515876 | D53: =AVERAGE(D13,F13,H13,J13,L13,N13,P13,R13) -> 0.39697043 | E53: =(C53+D53)/2 -> 0.4010646
B54: 1〜2ヶ月未満 割合 | C54: =AVERAGE(D4,F4,H4,J4,L4,N4,P4,R4) -> 0.46976338 | D54: =AVERAGE(D14,F14,H14,J14,L14,N14,P14,R14) -> 0.4614436 | E54: =(C54+D54)/2 -> 0.46560349
B55: 2〜3ヶ月未満 割合 | C55: =AVERAGE(D5,F5,H5,J5,L5,N5,P5,R5) -> 0.51070326 | D55: =AVERAGE(D15,F15,H15,J15,L15,N15,P15,R15) -> 0.49793264 | E55: =(C55+D55)/2 -> 0.50431795
B56: 3～6ヶ月未満 割合 | C56: =AVERAGE(D6,F6,H6,J6,L6,N6,P6,R6) -> 0.60564774 | D56: =AVERAGE(D16,F16,H16,J16,L16,N16,P16,R16) -> 0.78639659 | E56: =(C56+D56)/2 -> 0.69602216
B57: 半年～1年未満 割合 | C57: =AVERAGE(D7,F7,H7,J7,L7,N7,P7,R7) -> 0.74090453 | D57: =AVERAGE(D17,F17,H17,J17,L17,N17,P17,R17) -> 0.8728786 | E57: =(C57+D57)/2 -> 0.80689157
B58: 1年～3年未満 割合 | C58: =AVERAGE(D8,F8,H8,J8,L8,N8,P8,R8) -> 1 | D58: =AVERAGE(D18,F18,H18,J18,L18,N18,P18,R18) -> 1 | E58: =(C58+D58)/2 -> 1
B62: [グラフ用] 点推定(平均) | C62: 100 | D62: 200 | E62: 300 | F62: 400 | G62: 500 | H62: 600 | I62: 700 | J62: 800 | K62: 900 | L62: 1000 | M62: 1100 | N62: 1200 | O62: 1300 | P62: 1400 | Q62: 1500 | R62: 1600 | S62: 1700 | T62: 1800 | U62: 1900 | V62: 2000 | W62: 2100 | X62: 2200 | Y62: 2300 | Z62: 2400 | AA62: 2500 | AB62: 2600 | AC62: 2700 | AD62: 2800 | AE62: 2900 | AF62: 3000
B63: 1ヶ月未満 | C63: =C23 -> 255 | D63: =E23 -> 510 | E63: =G23 -> 765 | F63: =I23 -> 1020 | G63: =K23 -> 1275 | H63: =M23 -> 1530 | I63: =O23 -> 1785 | J63: =Q23 -> 2040 | K63: =S23 -> 2295 | L63: =U23 -> 2550 | M63: =W23 -> 2805 | N63: =Y23 -> 3060 | O63: =AA23 -> 3314 | P63: =AC23 -> 3569 | Q63: =AE23 -> 3824 | R63: =AG23 -> 4079 | S63: =AI23 -> 4334 | T63: =AK23 -> 4589 | U63: =AM23 -> 4844 | V63: =AO23 -> 5099 | W63: =AQ23 -> 5354 | X63: =AS23 -> 5609 | Y63: =AU23 -> 5864 | Z63: =AW23 -> 6119 | AA63: =AY23 -> 6374 | AB63: =BA23 -> 6629 | AC63: =BC23 -> 6884 | AD63: =BE23 -> 7139 | AE63: =BG23 -> 7394 | AF63: =BI23 -> 7649
B64: 1〜2ヶ月未満 | C64: =C24 -> 296 | D64: =E24 -> 592 | E64: =G24 -> 888 | F64: =I24 -> 1184 | G64: =K24 -> 1480 | H64: =M24 -> 1776 | I64: =O24 -> 2072 | J64: =Q24 -> 2368 | K64: =S24 -> 2664 | L64: =U24 -> 2960 | M64: =W24 -> 3256 | N64: =Y24 -> 3552 | O64: =AA24 -> 3848 | P64: =AC24 -> 4144 | Q64: =AE24 -> 4440 | R64: =AG24 -> 4736 | S64: =AI24 -> 5032 | T64: =AK24 -> 5328 | U64: =AM24 -> 5624 | V64: =AO24 -> 5920 | W64: =AQ24 -> 6216 | X64: =AS24 -> 6512 | Y64: =AU24 -> 6808 | Z64: =AW24 -> 7104 | AA64: =AY24 -> 7400 | AB64: =BA24 -> 7696 | AC64: =BC24 -> 7992 | AD64: =BE24 -> 8288 | AE64: =BG24 -> 8584 | AF64: =BI24 -> 8880
B65: 2〜3ヶ月未満 | C65: =C25 -> 321 | D65: =E25 -> 641 | E65: =G25 -> 962 | F65: =I25 -> 1282 | G65: =K25 -> 1603 | H65: =M25 -> 1924 | I65: =O25 -> 2244 | J65: =Q25 -> 2565 | K65: =S25 -> 2885 | L65: =U25 -> 3206 | M65: =W25 -> 3527 | N65: =Y25 -> 3847 | O65: =AA25 -> 4168 | P65: =AC25 -> 4488 | Q65: =AE25 -> 4809 | R65: =AG25 -> 5130 | S65: =AI25 -> 5450 | T65: =AK25 -> 5771 | U65: =AM25 -> 6091 | V65: =AO25 -> 6412 | W65: =AQ25 -> 6733 | X65: =AS25 -> 7053 | Y65: =AU25 -> 7374 | Z65: =AW25 -> 7694 | AA65: =AY25 -> 8015 | AB65: =BA25 -> 8336 | AC65: =BC25 -> 8656 | AD65: =BE25 -> 8977 | AE65: =BG25 -> 9297 | AF65: =BI25 -> 9618
B66: 3～6ヶ月未満 | C66: =C26 -> 442 | D66: =E26 -> 885 | E66: =G26 -> 1327 | F66: =I26 -> 1770 | G66: =K26 -> 2212 | H66: =M26 -> 2655 | I66: =O26 -> 3097 | J66: =Q26 -> 3540 | K66: =S26 -> 3982 | L66: =U26 -> 4425 | M66: =W26 -> 4867 | N66: =Y26 -> 5310 | O66: =AA26 -> 5752 | P66: =AC26 -> 6195 | Q66: =AE26 -> 6637 | R66: =AG26 -> 7079 | S66: =AI26 -> 7522 | T66: =AK26 -> 7964 | U66: =AM26 -> 8407 | V66: =AO26 -> 8849 | W66: =AQ26 -> 9292 | X66: =AS26 -> 9734 | Y66: =AU26 -> 10177 | Z66: =AW26 -> 10619 | AA66: =AY26 -> 11062 | AB66: =BA26 -> 11504 | AC66: =BC26 -> 11947 | AD66: =BE26 -> 12389 | AE66: =BG26 -> 12832 | AF66: =BI26 -> 13274
B67: 半年～1年未満 | C67: =C27 -> 513 | D67: =E27 -> 1026 | E67: =G27 -> 1539 | F67: =I27 -> 2052 | G67: =K27 -> 2565 | H67: =M27 -> 3078 | I67: =O27 -> 3591 | J67: =Q27 -> 4104 | K67: =S27 -> 4617 | L67: =U27 -> 5129 | M67: =W27 -> 5642 | N67: =Y27 -> 6155 | O67: =AA27 -> 6668 | P67: =AC27 -> 7181 | Q67: =AE27 -> 7694 | R67: =AG27 -> 8207 | S67: =AI27 -> 8720 | T67: =AK27 -> 9233 | U67: =AM27 -> 9746 | V67: =AO27 -> 10259 | W67: =AQ27 -> 10772 | X67: =AS27 -> 11285 | Y67: =AU27 -> 11798 | Z67: =AW27 -> 12311 | AA67: =AY27 -> 12824 | AB67: =BA27 -> 13337 | AC67: =BC27 -> 13850 | AD67: =BE27 -> 14363 | AE67: =BG27 -> 14876 | AF67: =BI27 -> 15388
B68: 1年～3年未満 | C68: =C28 -> 636 | D68: =E28 -> 1271 | E68: =G28 -> 1907 | F68: =I28 -> 2543 | G68: =K28 -> 3179 | H68: =M28 -> 3814 | I68: =O28 -> 4450 | J68: =Q28 -> 5086 | K68: =S28 -> 5721 | L68: =U28 -> 6357 | M68: =W28 -> 6993 | N68: =Y28 -> 7629 | O68: =AA28 -> 8264 | P68: =AC28 -> 8900 | Q68: =AE28 -> 9536 | R68: =AG28 -> 10171 | S68: =AI28 -> 10807 | T68: =AK28 -> 11443 | U68: =AM28 -> 12078 | V68: =AO28 -> 12714 | W68: =AQ28 -> 13350 | X68: =AS28 -> 13986 | Y68: =AU28 -> 14621 | Z68: =AW28 -> 15257 | AA68: =AY28 -> 15893 | AB68: =BA28 -> 16528 | AC68: =BC28 -> 17164 | AD68: =BE28 -> 17800 | AE68: =BG28 -> 18436 | AF68: =BI28 -> 19071

Sheet 離反割合バンド
A1: 離反割合のバラつき（季節平準化後の店舗間バンド）
A2: 点推定＝A・B平均。下限/上限＝8店舗の季節平均割合の最小/最大。総数(k)の振れは未反映。
A4: 離反期間 | B4: 割合 下限 | C4: 割合 点推定(平均) | D4: 割合 上限 | E4: 幅(上限−下限)
A5: 1ヶ月未満 | B5: =MIN(B20:I20) -> 0.31807656 | C5: =AVERAGE(B20:I20) -> 0.4010646 | D5: =MAX(B20:I20) -> 0.45086085 | E5: =D5-B5 -> 0.13278429
A6: 1〜2ヶ月未満 | B6: =MIN(B21:I21) -> 0.37638085 | C6: =AVERAGE(B21:I21) -> 0.46560349 | D6: =MAX(B21:I21) -> 0.51572975 | E6: =D6-B6 -> 0.1393489
A7: 2〜3ヶ月未満 | B7: =MIN(B22:I22) -> 0.41397989 | C7: =AVERAGE(B22:I22) -> 0.50431795 | D7: =MAX(B22:I22) -> 0.54902029 | E7: =D7-B7 -> 0.1350404
A8: 3～6ヶ月未満 | B8: =MIN(B23:I23) -> 0.60620729 | C8: =AVERAGE(B23:I23) -> 0.69602216 | D8: =MAX(B23:I23) -> 0.75727191 | E8: =D8-B8 -> 0.15106462
A9: 半年～1年未満 | B9: =MIN(B24:I24) -> 0.72007153 | C9: =AVERAGE(B24:I24) -> 0.80689157 | D9: =MAX(B24:I24) -> 0.9015821 | E9: =D9-B9 -> 0.18151058
A10: 1年～3年未満 | B10: =MIN(B25:I25) -> 1 | C10: =AVERAGE(B25:I25) -> 1 | D10: =MAX(B25:I25) -> 1 | E10: =D10-B10 -> 0
A12: 代表サイズの人数レンジ（割合バンド適用。総数は点推定で固定）
A13: 離反期間 | B13: 500台 下限 | C13: 500台 点推定 | D13: 500台 上限 | E13: 1000台 下限 | F13: 1000台 点推定 | G13: 1000台 上限 | H13: 2000台 下限 | I13: 2000台 点推定 | J13: 2000台 上限 | K13: 3000台 下限 | L13: 3000台 点推定 | M13: 3000台 上限
A14: 1ヶ月未満 | B14: =ROUND(500*Sheet1!$E$52*B5,0) -> 1011 | C14: =ROUND(500*Sheet1!$E$52*C5,0) -> 1275 | D14: =ROUND(500*Sheet1!$E$52*D5,0) -> 1433 | E14: =ROUND(1000*Sheet1!$E$52*B5,0) -> 2022 | F14: =ROUND(1000*Sheet1!$E$52*C5,0) -> 2550 | G14: =ROUND(1000*Sheet1!$E$52*D5,0) -> 2866 | H14: =ROUND(2000*Sheet1!$E$52*B5,0) -> 4044 | I14: =ROUND(2000*Sheet1!$E$52*C5,0) -> 5099 | J14: =ROUND(2000*Sheet1!$E$52*D5,0) -> 5732 | K14: =ROUND(3000*Sheet1!$E$52*B5,0) -> 6066 | L14: =ROUND(3000*Sheet1!$E$52*C5,0) -> 7649 | M14: =ROUND(3000*Sheet1!$E$52*D5,0) -> 8598
A15: 1〜2ヶ月未満 | B15: =ROUND(500*Sheet1!$E$52*B6,0) -> 1196 | C15: =ROUND(500*Sheet1!$E$52*C6,0) -> 1480 | D15: =ROUND(500*Sheet1!$E$52*D6,0) -> 1639 | E15: =ROUND(1000*Sheet1!$E$52*B6,0) -> 2393 | F15: =ROUND(1000*Sheet1!$E$52*C6,0) -> 2960 | G15: =ROUND(1000*Sheet1!$E$52*D6,0) -> 3279 | H15: =ROUND(2000*Sheet1!$E$52*B6,0) -> 4785 | I15: =ROUND(2000*Sheet1!$E$52*C6,0) -> 5920 | J15: =ROUND(2000*Sheet1!$E$52*D6,0) -> 6557 | K15: =ROUND(3000*Sheet1!$E$52*B6,0) -> 7178 | L15: =ROUND(3000*Sheet1!$E$52*C6,0) -> 8880 | M15: =ROUND(3000*Sheet1!$E$52*D6,0) -> 9836
A16: 2〜3ヶ月未満 | B16: =ROUND(500*Sheet1!$E$52*B7,0) -> 1316 | C16: =ROUND(500*Sheet1!$E$52*C7,0) -> 1603 | D16: =ROUND(500*Sheet1!$E$52*D7,0) -> 1745 | E16: =ROUND(1000*Sheet1!$E$52*B7,0) -> 2632 | F16: =ROUND(1000*Sheet1!$E$52*C7,0) -> 3206 | G16: =ROUND(1000*Sheet1!$E$52*D7,0) -> 3490 | H16: =ROUND(2000*Sheet1!$E$52*B7,0) -> 5263 | I16: =ROUND(2000*Sheet1!$E$52*C7,0) -> 6412 | J16: =ROUND(2000*Sheet1!$E$52*D7,0) -> 6980 | K16: =ROUND(3000*Sheet1!$E$52*B7,0) -> 7895 | L16: =ROUND(3000*Sheet1!$E$52*C7,0) -> 9618 | M16: =ROUND(3000*Sheet1!$E$52*D7,0) -> 10471
A17: 3～6ヶ月未満 | B17: =ROUND(500*Sheet1!$E$52*B8,0) -> 1927 | C17: =ROUND(500*Sheet1!$E$52*C8,0) -> 2212 | D17: =ROUND(500*Sheet1!$E$52*D8,0) -> 2407 | E17: =ROUND(1000*Sheet1!$E$52*B8,0) -> 3854 | F17: =ROUND(1000*Sheet1!$E$52*C8,0) -> 4425 | G17: =ROUND(1000*Sheet1!$E$52*D8,0) -> 4814 | H17: =ROUND(2000*Sheet1!$E$52*B8,0) -> 7707 | I17: =ROUND(2000*Sheet1!$E$52*C8,0) -> 8849 | J17: =ROUND(2000*Sheet1!$E$52*D8,0) -> 9628 | K17: =ROUND(3000*Sheet1!$E$52*B8,0) -> 11561 | L17: =ROUND(3000*Sheet1!$E$52*C8,0) -> 13274 | M17: =ROUND(3000*Sheet1!$E$52*D8,0) -> 14442
A18: 半年～1年未満 | B18: =ROUND(500*Sheet1!$E$52*B9,0) -> 2289 | C18: =ROUND(500*Sheet1!$E$52*C9,0) -> 2565 | D18: =ROUND(500*Sheet1!$E$52*D9,0) -> 2866 | E18: =ROUND(1000*Sheet1!$E$52*B9,0) -> 4578 | F18: =ROUND(1000*Sheet1!$E$52*C9,0) -> 5129 | G18: =ROUND(1000*Sheet1!$E$52*D9,0) -> 5731 | H18: =ROUND(2000*Sheet1!$E$52*B9,0) -> 9155 | I18: =ROUND(2000*Sheet1!$E$52*C9,0) -> 10259 | J18: =ROUND(2000*Sheet1!$E$52*D9,0) -> 11463 | K18: =ROUND(3000*Sheet1!$E$52*B9,0) -> 13733 | L18: =ROUND(3000*Sheet1!$E$52*C9,0) -> 15388 | M18: =ROUND(3000*Sheet1!$E$52*D9,0) -> 17194
A19: 1年～3年未満 | B19: =ROUND(500*Sheet1!$E$52*B10,0) -> 3179 | C19: =ROUND(500*Sheet1!$E$52*C10,0) -> 3179 | D19: =ROUND(500*Sheet1!$E$52*D10,0) -> 3179 | E19: =ROUND(1000*Sheet1!$E$52*B10,0) -> 6357 | F19: =ROUND(1000*Sheet1!$E$52*C10,0) -> 6357 | G19: =ROUND(1000*Sheet1!$E$52*D10,0) -> 6357 | H19: =ROUND(2000*Sheet1!$E$52*B10,0) -> 12714 | I19: =ROUND(2000*Sheet1!$E$52*C10,0) -> 12714 | J19: =ROUND(2000*Sheet1!$E$52*D10,0) -> 12714 | K19: =ROUND(3000*Sheet1!$E$52*B10,0) -> 19071 | L19: =ROUND(3000*Sheet1!$E$52*C10,0) -> 19071 | M19: =ROUND(3000*Sheet1!$E$52*D10,0) -> 19071
A20: 1ヶ月未満 | B20: =(Sheet1!D3+Sheet1!D13)/2 -> 0.31807656 | C20: =(Sheet1!F3+Sheet1!F13)/2 -> 0.43906802 | D20: =(Sheet1!H3+Sheet1!H13)/2 -> 0.42241871 | E20: =(Sheet1!J3+Sheet1!J13)/2 -> 0.42650345 | F20: =(Sheet1!L3+Sheet1!L13)/2 -> 0.36147522 | G20: =(Sheet1!N3+Sheet1!N13)/2 -> 0.37496722 | H20: =(Sheet1!P3+Sheet1!P13)/2 -> 0.45086085 | I20: =(Sheet1!R3+Sheet1!R13)/2 -> 0.41514676
A21: 1〜2ヶ月未満 | B21: =(Sheet1!D4+Sheet1!D14)/2 -> 0.37638085 | C21: =(Sheet1!F4+Sheet1!F14)/2 -> 0.495755 | D21: =(Sheet1!H4+Sheet1!H14)/2 -> 0.48927385 | E21: =(Sheet1!J4+Sheet1!J14)/2 -> 0.48929913 | F21: =(Sheet1!L4+Sheet1!L14)/2 -> 0.42560146 | G21: =(Sheet1!N4+Sheet1!N14)/2 -> 0.43956526 | H21: =(Sheet1!P4+Sheet1!P14)/2 -> 0.51572975 | I21: =(Sheet1!R4+Sheet1!R14)/2 -> 0.49322265
A22: 2〜3ヶ月未満 | B22: =(Sheet1!D5+Sheet1!D15)/2 -> 0.41397989 | C22: =(Sheet1!F5+Sheet1!F15)/2 -> 0.53469096 | D22: =(Sheet1!H5+Sheet1!H15)/2 -> 0.53438396 | E22: =(Sheet1!J5+Sheet1!J15)/2 -> 0.52529836 | F22: =(Sheet1!L5+Sheet1!L15)/2 -> 0.46230439 | G22: =(Sheet1!N5+Sheet1!N15)/2 -> 0.478332 | H22: =(Sheet1!P5+Sheet1!P15)/2 -> 0.54902029 | I22: =(Sheet1!R5+Sheet1!R15)/2 -> 0.53653375
A23: 3～6ヶ月未満 | B23: =(Sheet1!D6+Sheet1!D16)/2 -> 0.60620729 | C23: =(Sheet1!F6+Sheet1!F16)/2 -> 0.71647241 | D23: =(Sheet1!H6+Sheet1!H16)/2 -> 0.75727191 | E23: =(Sheet1!J6+Sheet1!J16)/2 -> 0.68724795 | F23: =(Sheet1!L6+Sheet1!L16)/2 -> 0.66618506 | G23: =(Sheet1!N6+Sheet1!N16)/2 -> 0.68350962 | H23: =(Sheet1!P6+Sheet1!P16)/2 -> 0.72575908 | I23: =(Sheet1!R6+Sheet1!R16)/2 -> 0.725524
A24: 半年～1年未満 | B24: =(Sheet1!D7+Sheet1!D17)/2 -> 0.72007153 | C24: =(Sheet1!F7+Sheet1!F17)/2 -> 0.81804731 | D24: =(Sheet1!H7+Sheet1!H17)/2 -> 0.9015821 | E24: =(Sheet1!J7+Sheet1!J17)/2 -> 0.78950053 | F24: =(Sheet1!L7+Sheet1!L17)/2 -> 0.78182468 | G24: =(Sheet1!N7+Sheet1!N17)/2 -> 0.79833122 | H24: =(Sheet1!P7+Sheet1!P17)/2 -> 0.82348994 | I24: =(Sheet1!R7+Sheet1!R17)/2 -> 0.82228523
A25: 1年～3年未満 | B25: =(Sheet1!D8+Sheet1!D18)/2 -> 1 | C25: =(Sheet1!F8+Sheet1!F18)/2 -> 1 | D25: =(Sheet1!H8+Sheet1!H18)/2 -> 1 | E25: =(Sheet1!J8+Sheet1!J18)/2 -> 1 | F25: =(Sheet1!L8+Sheet1!L18)/2 -> 1 | G25: =(Sheet1!N8+Sheet1!N18)/2 -> 1 | H25: =(Sheet1!P8+Sheet1!P18)/2 -> 1 | I25: =(Sheet1!R8+Sheet1!R18)/2 -> 1

Sheet Sheet1 (2)
A1: O-MAY | B1: 最終来店日 | C1: なる | D1: 割合 | E1: ひがし | F1: 割合 | G1: かわじ | H1: 割合 | I1: にい | J1: 割合 | K1: 4 | L1: 割合 | M1: S | N1: 割合 | O1: P | P1: 割合 | Q1: KO | R1: 割合
A2: 1ヶ月未満 | B2: 46143 | C2: 1682 | D2: =C2/C7 -> 0.32445988 | E2: 862 | F2: =E2/E7 -> 0.43403827 | G2: 1176 | H2: =G2/G7 -> 0.5 | I2: 2949 | J2: =I2/I7 -> 0.40890183 | K2: 1131 | L2: =K2/K7 -> 0.35421234 | M2: 1330 | N2: =M2/M7 -> 0.38207412 | O2: 1171 | P2: =O2/O7 -> 0.43890555 | Q2: 3016 | R2: =Q2/Q7 -> 0.39867812
A3: 1〜2ヶ月未満 | B3: 46113 | C3: 1947 | D3: =C3/C7 -> 0.3755787 | E3: 956 | F3: =E3/E7 -> 0.48136959 | G3: 1359 | H3: =G3/G7 -> 0.57780612 | I3: 3412 | J3: =I3/I7 -> 0.47310039 | K3: 1335 | L3: =K3/K7 -> 0.4181021 | M3: 1550 | N3: =M3/M7 -> 0.44527435 | O3: 1357 | P3: =O3/O7 -> 0.50862069 | Q3: 3618 | R3: =Q3/Q7 -> 0.47825512
A4: 2〜3ヶ月未満 | B4: 46082 | C4: 2141 | D4: =C4/C7 -> 0.41300154 | E4: 1027 | F4: =E4/E7 -> 0.51711984 | G4: 1486 | H4: =G4/G7 -> 0.63180272 | I4: 3733 | J4: =I4/I7 -> 0.51760954 | K4: 1456 | L4: =K4/K7 -> 0.45599749 | M4: 1687 | N4: =M4/M7 -> 0.48463085 | O4: 1445 | P4: =O4/O7 -> 0.5416042 | Q4: 3963 | R4: =Q4/Q7 -> 0.52385988
A5: 3～6ヶ月未満 | B5: 45992 | C5: 2592 | D5: =C5/C7 -> 0.5 | E5: 1212 | F5: =E5/E7 -> 0.6102719 | G5: 1765 | H5: =G5/G7 -> 0.75042517 | I5: 4375 | J5: =I5/I7 -> 0.60662784 | K5: 1777 | L5: =K5/K7 -> 0.55652991 | M5: 1974 | N5: =M5/M7 -> 0.56707843 | O5: 1675 | P5: =O5/O7 -> 0.62781109 | Q5: 4739 | R5: =Q5/Q7 -> 0.62643754
A6: 半年～1年未満 | B6: 45778 | C6: 3189 | D6: =C6/C7 -> 0.61516204 | E6: 1475 | F6: =E6/E7 -> 0.74269889 | G6: 2203 | H6: =G6/G7 -> 0.93664966 | I6: 5308 | J6: =I6/I7 -> 0.73599556 | K6: 2231 | L6: =K6/K7 -> 0.69871594 | M6: 2453 | N6: =M6/M7 -> 0.70468256 | O6: 1987 | P6: =O6/O7 -> 0.74475262 | Q6: 5663 | R6: =Q6/Q7 -> 0.74857898
A7: 1年～3年未満 | B7: 45047 | C7: 5184 | D7: =C7/C7 -> 1 | E7: 1986 | F7: =E7/E7 -> 1 | G7: 2352 | H7: =G7/G7 -> 1 | I7: 7212 | J7: =I7/I7 -> 1 | K7: 3193 | L7: =K7/K7 -> 1 | M7: 3481 | N7: =M7/M7 -> 1 | O7: 2668 | P7: =O7/O7 -> 1 | Q7: 7565 | R7: =Q7/Q7 -> 1
A8: 3年以上
A9: 台数 | C9: 900 | E9: 353 | G9: 563 | I9: 982 | K9: 440 | M9: 461 | O9: 389 | Q9: 1007
A13: O-JUN | B13: 最終来店日 | C13: なる | D13: 割合 | E13: ひがし | F13: 割合 | G13: かわじ | H13: 割合 | I13: にい | J13: 割合 | K13: 4 | L13: 割合 | M13: S | N13: 割合 | O13: P | P13: 割合 | Q13: KO | R13: 割合
A14: 1ヶ月未満 | B14: 46023 | C14: 1642 | D14: =C14/C19 -> 0.31169324 | E14: 854 | F14: =E14/E19 -> 0.44409776 | G14: 1209 | H14: =G14/G19 -> 0.34483742 | I14: 1454 | J14: =I14/I19 -> 0.44410507 | K14: 1163 | L14: =K14/K19 -> 0.36873811 | M14: 1243 | N14: =M14/M19 -> 0.36786031 | O14: 1226 | P14: =O14/O19 -> 0.46281616 | Q14: 3241 | R14: =Q14/Q19 -> 0.43161539
A15: 1〜2ヶ月未満 | B15: 45992 | C15: 1987 | D15: =C15/C19 -> 0.37718299 | E15: 981 | F15: =E15/E19 -> 0.51014041 | G15: 1405 | H15: =G15/G19 -> 0.40074159 | I15: 1655 | J15: =I15/I19 -> 0.50549786 | K15: 1366 | L15: =K15/K19 -> 0.43310082 | M15: 1466 | N15: =M15/M19 -> 0.43385617 | O15: 1385 | P15: =O15/O19 -> 0.52283881 | Q15: 3816 | R15: =Q15/Q19 -> 0.50819017
A16: 2〜3ヶ月未満 | B16: 45962 | C16: 2186 | D16: =C16/C19 -> 0.41495824 | E16: 1062 | F16: =E16/E19 -> 0.55226209 | G16: 1532 | H16: =G16/G19 -> 0.4369652 | I16: 1745 | J16: =I16/I19 -> 0.53298717 | K16: 1478 | L16: =K16/K19 -> 0.46861129 | M16: 1595 | N16: =M16/M19 -> 0.47203315 | O16: 1474 | P16: =O16/O19 -> 0.55643639 | Q16: 4124 | R16: =Q16/Q19 -> 0.54920762
A17: 3～6ヶ月未満 | B17: 45505 | C17: 3753 | D17: =C17/C19 -> 0.71241458 | E17: 1582 | F17: =E17/E19 -> 0.82267291 | G17: 2679 | H17: =G17/G19 -> 0.76411865 | I17: 2514 | J17: =I17/I19 -> 0.76786805 | K17: 2447 | L17: =K17/K19 -> 0.7758402 | M17: 2703 | N17: =M17/M19 -> 0.79994081 | O17: 2182 | P17: =O17/O19 -> 0.82370706 | Q17: 6192 | R17: =Q17/Q19 -> 0.82461047
A18: 半年～1年未満 | B18: 45292 | C18: 4346 | D18: =C18/C19 -> 0.82498102 | E18: 1718 | F18: =E18/E19 -> 0.89339574 | G18: 3038 | H18: =G18/G19 -> 0.86651455 | I18: 2760 | J18: =I18/I19 -> 0.8430055 | K18: 2728 | L18: =K18/K19 -> 0.86493342 | M18: 3014 | N18: =M18/M19 -> 0.89197988 | O18: 2390 | P18: =O18/O19 -> 0.90222726 | Q18: 6728 | R18: =Q18/Q19 -> 0.89599148
A19: 1年～3年未満 | B19: 44927 | C19: 5268 | D19: =C19/C19 -> 1 | E19: 1923 | F19: =E19/E19 -> 1 | G19: 3506 | H19: =G19/G19 -> 1 | I19: 3274 | J19: =I19/I19 -> 1 | K19: 3154 | L19: =K19/K19 -> 1 | M19: 3379 | N19: =M19/M19 -> 1 | O19: 2649 | P19: =O19/O19 -> 1 | Q19: 7509 | R19: =Q19/Q19 -> 1
A20: 3年以上
A21: 台数 | C21: 900 | E21: 353 | G21: 563 | I21: 982 | K21: 440 | M21: 461 | O21: 389 | Q21: 1007
